{"cameraMode":{"drawMode":0,"name":"Shaded","section":"Shading Mode"},"sceneLighting":false,"audioPlay":false,"sceneViewState":{"showFog":true,"showMaterialUpdate":true,"showSkybox":true,"showFlares":true,"showImageEffects":true,"showParticleSystems":true},"in2DMode":false,"pivot":{"x":4.182000160217285,"y":1.815999984741211,"z":0.7509999871253967},"rotation":{"x":0.09331285208463669,"y":-0.9034572243690491,"z":0.2529595196247101,"w":0.3332708477973938},"size":2.076080799102783,"orthographic":false}