{"cameraMode":{"drawMode":0,"name":"Shaded","section":"Shading Mode"},"sceneLighting":false,"audioPlay":false,"sceneViewState":{"showFog":true,"showMaterialUpdate":true,"showSkybox":true,"showFlares":true,"showImageEffects":true,"showParticleSystems":true},"in2DMode":false,"pivot":{"x":-4.207174777984619,"y":1.8159217834472657,"z":0.9401824474334717},"rotation":{"x":-0.007416995242238045,"y":-0.7069305777549744,"z":0.007432361599057913,"w":-0.7072049975395203},"size":0.3168832063674927,"orthographic":false}