{"cameraMode":{"drawMode":0,"name":"Shaded","section":"Shading Mode"},"sceneLighting":false,"audioPlay":false,"sceneViewState":{"showFog":true,"showMaterialUpdate":true,"showSkybox":true,"showFlares":true,"showImageEffects":true,"showParticleSystems":true},"in2DMode":false,"pivot":{"x":-12.218629837036133,"y":3.1442036628723146,"z":-7.0548248291015629},"rotation":{"x":-0.007416995242238045,"y":-0.7069305777549744,"z":0.007432361599057913,"w":-0.7072049975395203},"size":0.6908806562423706,"orthographic":false}